Dataset	Frequency
MSV000079034	5
MSV000079069	25
MSV000079900	6
MSV000080518	1
MSV000080540	6
MSV000080604	1
MSV000080616	5
MSV000080627	3
MSV000080628	34
MSV000080630	80
MSV000080905	166
MSV000080912	2
MSV000080961	47
MSV000081068	3
MSV000081097	2
MSV000081108	4
MSV000081116	17
MSV000081151	43
MSV000081160	32
MSV000081176	26
MSV000081343	62
MSV000081351	151
MSV000081354	23
MSV000081364	52
MSV000081463	19
MSV000081492	2
MSV000081741	1
MSV000081808	11
MSV000081853	2
MSV000081949	85
MSV000081952	13
MSV000082048	30
MSV000082049	22
MSV000082157	4
MSV000082261	2
MSV000082331	18
MSV000082428	1
MSV000082433	230
MSV000082463	13
MSV000082480	1
MSV000082582	23
MSV000082602	2
MSV000082608	12
MSV000082616	7
MSV000082629	2
MSV000082630	1
MSV000082647	14
MSV000082649	1
MSV000082685	3
MSV000082691	1
MSV000082717	2
MSV000082718	4
MSV000082728	6
MSV000082813	1
MSV000082891	40
MSV000082953	249
MSV000082972	1
MSV000082973	8
MSV000082978	2
MSV000082999	2
MSV000083010	3
MSV000083073	21
MSV000083077	41
MSV000083083	1
MSV000083094	7
MSV000083106	11
MSV000083272	4
MSV000083274	12
MSV000083275	1
MSV000083300	7
MSV000083306	24
MSV000083383	4
MSV000083388	1
MSV000083395	3
MSV000083396	33
MSV000083411	1
MSV000083449	1
MSV000083462	2
MSV000083475	123
MSV000083482	3
MSV000083541	26
MSV000083559	42
MSV000083631	1
MSV000083647	1
MSV000083660	2
MSV000083678	2
MSV000083756	36
MSV000083789	8
MSV000083791	11
MSV000083798	41
MSV000083835	111
MSV000084016	9
MSV000084020	6
MSV000084062	1
MSV000084092	13
MSV000084107	1
MSV000084112	2
MSV000084132	4
MSV000084158	27
MSV000084187	2
MSV000084237	4
MSV000084312	3
MSV000084314	101
MSV000084325	2
MSV000084355	6
MSV000084595	7
MSV000084741	51
MSV000084884	13
MSV000084900	3
MSV000084904	3
MSV000084951	1
MSV000085018	1
MSV000085119	5
MSV000085141	1
MSV000085256	1
MSV000085261	76
MSV000085360	1
MSV000085389	2
MSV000085467	118
MSV000085619	2
MSV000085633	1
MSV000085657	7
MSV000085693	1
MSV000085713	25
MSV000085769	27
MSV000085858	1
MSV000085862	20
MSV000085870	2
MSV000085871	2
MSV000085879	30
MSV000085882	11
MSV000085917	1
MSV000085919	14
MSV000085920	1
MSV000085921	2
MSV000085922	1
MSV000085925	28
MSV000085944	323
MSV000086002	2
MSV000086063	18
MSV000086064	18
MSV000086107	3
MSV000086123	1
MSV000086131	48
MSV000086208	3
MSV000086221	3
MSV000086251	1
MSV000086252	1
MSV000086270	618
MSV000086301	14
MSV000086303	2
MSV000086312	8
MSV000086330	1
MSV000086415	494
MSV000086427	14
MSV000086483	1
MSV000086666	7
MSV000086676	39
MSV000086760	8
MSV000086830	5
MSV000086882	47
MSV000086926	216
MSV000086989	8
MSV000087006	320
MSV000087087	32
MSV000087127	6
MSV000087148	1
MSV000087322	13
MSV000087359	1
MSV000087364	68
MSV000087368	8
MSV000087449	10
MSV000087588	13
MSV000087612	66
MSV000087628	5
MSV000087629	5
MSV000087630	5
MSV000087646	2
MSV000087650	22
MSV000087692	14
MSV000087694	13
MSV000087702	21
MSV000087711	2
MSV000087728	590
MSV000087747	17
MSV000087772	7
MSV000087809	15
MSV000087844	2
MSV000087854	12
MSV000087904	26
MSV000087923	3
MSV000087935	10
MSV000087948	9
MSV000087991	5
MSV000087995	13
MSV000088008	12
MSV000088040	6
MSV000088087	5
MSV000088099	1
MSV000088137	22
MSV000088226	7
MSV000088332	1
MSV000088519	4
MSV000088534	2
MSV000088535	1
MSV000088546	3
MSV000088570	1
MSV000088586	6
MSV000088594	1
MSV000088606	10
MSV000088640	5
MSV000088645	34
MSV000088646	59
MSV000088697	35
MSV000088719	3
MSV000088732	68
MSV000088741	4
MSV000088790	3
MSV000088821	248
MSV000088823	176
MSV000088827	15
MSV000088828	1
MSV000088829	3
MSV000088830	3
MSV000088842	230
MSV000088843	27
MSV000088872	3
MSV000088967	2
MSV000089061	15
MSV000089210	1
MSV000089249	1
MSV000089313	307
MSV000089534	2
MSV000089540	42
MSV000089552	133
MSV000089558	62
MSV000089638	36
MSV000089834	31
MSV000089835	12
MSV000089837	18
MSV000089925	12
MSV000089937	13
MSV000089952	2
MSV000090005	1
MSV000090006	6
MSV000090011	4
MSV000090012	3
